<?xml version="1.0" encoding="UTF-8"?>
<table>
    <column>
        <name>id</name>
        <type>serial</type>
        <null>NO</null>
    </column>

    <column>
        <name>fecha</name>
        <type>timestamp</type>
        <null>NO</null>
    </column>
    <column>
        <name>ip</name>
        <type>character varying(40)</type>
    </column>
    <column>
        <name>nick</name>
        <type>character varying(50)</type>
    </column>
    <column>
        <name>method</name>
        <type>character varying(50)</type>
    </column>
    <column>
        <name>action</name>
        <type>character varying(50)</type>
    </column>
    <column>
        <name>uri</name>
        <type>character varying(200)</type>
    </column>
    <column>
        <name>context</name>
        <type>text</type>
    </column>

    <constraint>
        <name>activity_logs_pkey</name>
        <type>PRIMARY KEY (id)</type>
    </constraint>
</table>
